{
  "videos": [
    {
      "videoId": "V99yiph0kig",
      "publishedAt": "2023-11-28T13:47:26Z",
      "channelId": "UCjrLZ_6QvQmzlWNpHl9U0iQ",
      "videoTitle": "Introduction to JSON",
      "channelTitle": "Tech Channel",
      "videoDuration": "PT42M8S",
      "viewCount": 1000,
      "likeCount": 800,
      "dislikeCount": 20,
      "favoriteCount": 150,
      "commentCount": 30,
      "commentId": "Rm1x1QAoqNw",
      "comments": [
        "Great video!",
        "Very informative",
        "Thanks for sharing"
      ]
    },
    {
      "videoId": "V99yiph0abc",
      "publishedAt": "2023-01-05T03:17:20Z",
      "channelId": "UCjrLZ_6QvQmzlWNpHl9Uabc",
      "videoTitle": "How to Use JSON in JavaScript",
      "channelTitle": "Coding Tutorials",
      "videoDuration": "PT62M10S",
      "viewCount": 1500,
      "likeCount": 1200,
      "dislikeCount": 15,
      "favoriteCount": 200,
      "commentCount": 40,
      "commentId": "Rm1x1QAoabc",
      "comments": [
        "Awesome tutorial!",
        "I learned a lot",
        "Can you make more videos on JSON?"
      ]
    },
    {
      "videoId": "V99yiph0def",
      "publishedAt": "2023-01-10T10:41:16Z",
      "channelId": "UCjrLZ_6QvQmzlWNpHl9Udef",
      "videoTitle": "JSON Data Modeling",
      "channelTitle": "Data Science Insights",
      "videoDuration": "PT78M50S",
      "viewCount": 2000,
      "likeCount": 1800,
      "dislikeCount": 10,
      "favoriteCount": 250,
      "commentCount": 35,
      "commentId": "Rm1x1QAodef",
      "comments": [
        "This is what I was looking for!",
        "Great explanation",
        "Can you share more examples?"
      ]
    },
    {
      "videoId": "V99yiph0ghi",
      "publishedAt": "2023-01-15T15:32:36Z",
      "channelId": "UCjrLZ_6QvQmzlWNpHl9Ughi",
      "videoTitle": "JSON vs XML: A Comparison",
      "channelTitle": "Tech Debates",
      "videoDuration": "PT22M30S",
      "viewCount": 1200,
      "likeCount": 1000,
      "dislikeCount": 30,
      "favoriteCount": 180,
      "commentCount": 25,
      "commentId": "Rm1x1QAoghi",
      "comments": [
        "Interesting topic!",
        "Clear comparison",
        "Which one do you prefer?"
      ]
    },
    {
      "videoId": "V99yiph0jkl",
      "publishedAt": "2023-01-20T11:49:26Z",
      "channelId": "UCjrLZ_6QvQmzlWNpHl9Ujkl",
      "videoTitle": "Advanced JSON Techniques",
      "channelTitle": "Coding Masters",
      "videoDuration": "PT35M59S",
      "viewCount": 2500,
      "likeCount": 2200,
      "dislikeCount": 5,
      "favoriteCount": 300,
      "commentCount": 50,
      "commentId": "Rm1x1QAojkl",
      "comments": [
        "Mind-blowing content!",
        "I never knew about these techniques",
        "Keep up the good work!"
      ]
    }
  ]
}
